{"_runtime":77.106369708,"grad_norm":0.029881738831749587,"_timestamp":1.771409197267571e+09,"_step":1548,"loss":0.004492984153330326,"_wandb":{"runtime":77}}