{"_timestamp":1.771409488572267e+09,"_step":4891,"_wandb":{"runtime":245},"_runtime":245.649498083,"loss":0.004151556175202131,"grad_norm":0.018610808703006992}